[
    
    {
        "product-name" : "Supreme Box Logo Crew",
        "product-description" : "High quality, authentic Supreme Box Logo Crewneck",
        "price" : 299
        
    },
    
    {
        "product-name" : "White Arcteryx Shell Coat",
        "product-description" : "High quality, authentic Arcteryx Coat",
        "price" : 230
        
    },
    
    {
        "product-name" : "Black Rick Owens Jacket",
        "product-description" : "High quality, authentic Rick Owens Jacket",
        "price" : 799
        
    }

]